gene_id,gene_name,freq_high_load,freq_other,participation
1016,yfhM,1.0,0.9869944771067165,53.99568900784448
1021,yfdV,0.9973670352817272,0.9796900053447354,54.96945198014416
10220,,0.01158504476040021,0.002672367717797969,3.6886824792863084
10338,fumC_2,0.0026329647182727752,0.0003563156957063959,1.263460231387391
1040,ynaI,0.9989468141126909,0.9880634241938357,53.98960678192675
10448,recD_2,0.008952080042127435,0.13201496525921966,11.266795708531134
10539,,0.028962611901000527,0.00017815784785319794,1.2954128272558747
10540,ptxA,0.028962611901000527,0.00017815784785319794,1.2954128272558747
1088,yoaB,0.9973670352817272,0.978442900409763,54.9883092478881
10907,,0.004739336492890996,0.010867628719045074,1.1982208057180088
1091,ansP,0.9989468141126909,0.9565294851238197,51.97802221784365
10926,dcuD_2,0.0026329647182727752,0.0003563156957063959,1.263460231387391
11226,,0.00631911532385466,0.007838945305540709,7.175425054746239
1123,topB,0.9994734070563455,0.9839657936932121,54.98035807364697
1144,bdm,0.9989468141126909,0.9754142169962586,52.94017728376369
1147,osmC,0.9973670352817272,0.979333689649029,54.973962957567004
1148,ynfC,0.9978936282253817,0.9896668448245145,53.976640726827746
1149,ydcS,0.9989468141126909,0.9853910564760378,53.9900929283384
116,rsxA,0.9994734070563455,0.9866381614110101,54.99406417112474
1161,phoQ,0.9989468141126909,0.4159985747372172,50.98929232440411
1163,csgD,0.9989468141126909,0.9773739533226439,53.97411877557967
1167,pgrR,0.9994734070563455,0.9552823801888474,48.99654546388385
1180,ftnA,0.9984202211690363,0.983787635845359,54.97336399743386
1193,oppC,0.9989468141126909,0.9871726349545697,54.988277728689944
1195,dhaM,1.0,0.8663816141101015,52.95351605799992
1222,rapA,0.9994734070563455,0.999109210760734,54.99804284007243
1239,sdaC,1.0,0.9996436843042936,54.999903718258224
1252,dcp,0.95260663507109,0.9727418492784607,51.99305938385886
1268,apbC,0.9994734070563455,0.9983965793693212,54.99242705823565
1273,yehE,0.9973670352817272,0.4058435774095849,49.928623532050004
1275,yegR,0.9989468141126909,0.99554605380367,54.99577163897178
1287,nifJ,0.9994734070563455,0.9716729021913415,54.954832203471746
1292,lrhA,1.0,0.9992873686085872,54.99914456045783
1297,dgcP,0.989468141126909,0.9723855335827544,53.69206401862187
1330,dtpA,0.9984202211690363,0.9905576340637805,54.993421523208696
1331,hybO,0.9978936282253817,0.99554605380367,54.99770957851116
1332,ydjH,0.9994734070563455,0.8131124176019954,41.9848837993615
1359,ftsP,1.0,0.9985747372171744,54.99813502622315
1381,nadA,1.0,0.9994655264564404,55.0
1386,celF,0.9994734070563455,0.9812934259754142,52.9886598251666
1416,gadC,0.9984202211690363,0.9971494744343489,54.99109801734593
1420,ybhF,0.9994734070563455,0.9942989488686976,54.958756005713056
1433,ycaO,0.9984202211690363,0.9859255300195974,54.979278674544105
1440,ydjX,1.0,0.997327632282202,54.99885752946362
146,psuT,0.9989468141126909,0.9830750044539462,54.97975997483043
147,moeA,1.0,0.9814715838232674,54.95348408891877
1531,mobA,0.631911532385466,0.9925173703901656,54.114454401839424
1546,ydgI,1.0,0.996436843042936,54.99974278167273
1549,gndA,0.9984202211690363,0.9713165864956351,52.99514649625421
1566,artI,1.0,0.9942989488686976,54.99608645373252
1582,narU,0.9994734070563455,0.9843221093889186,53.96837430423995
1583,narK,1.0,0.9875289506502761,54.99465227660507
1613,astE,0.9994734070563455,0.9910921076073401,54.99195841863471
1618,chbR,0.9978936282253817,0.9732763228220203,51.97736495289409
162,ydbH,0.9994734070563455,0.9939426331729913,54.973648489073724
1620,xthA,1.0,0.9857473721717441,54.99374767241695
1635,ybhH,0.9994734070563455,0.978442900409763,52.342963906043835
1662,ydeE,0.9968404423380727,0.9706039551042224,53.93143359753759
1710,yciK,0.9973670352817272,0.987350792802423,54.9922711153339
1734,spy,0.9973670352817272,0.9773739533226439,54.97675919977049
1744,ydiB,1.0,0.9910921076073401,54.99595864384867
1754,brnQ,0.9994734070563455,0.9992873686085872,54.99950715361124
1766,folM,0.9994734070563455,0.9948334224122573,54.99726787100852
1769,ydgD,0.9989468141126909,0.9796900053447354,54.991017680602845
1781,hrpA,0.9984202211690363,0.9843221093889186,54.94422266916289
1804,hchA,0.9994734070563455,0.9798681631925886,54.7298487509779
1819,ychE,0.9994734070563455,0.9918047389987529,54.98740222985679
1840,galF,0.6234860452869931,0.9524318546231961,50.81315716330978
188,cbl,0.7488151658767772,0.8900766078745769,50.81685967880397
1923,btuC,0.9989468141126909,0.9962586851950829,54.99853584314357
1951,tdk,0.9989468141126909,0.99554605380367,54.99856945482328
1956,yciV,1.0,0.9937644753251381,54.99881597155663
1959,yobB,0.9989468141126909,0.9861036878674505,53.998654073412574
196,yeeN,0.9931542917324908,0.9392481738820595,54.85880369632819
1968,flgH,1.0,0.9989310529128808,54.99965095594121
1974,ydiF,0.9552395997893628,0.874042401567789,48.58785833998449
1984,helD,0.9994734070563455,0.9923392125423125,54.99085403978618
20,glpQ,1.0,0.998218421521468,54.998807518037076
2001,rseA,1.0,0.999109210760734,54.999999894455264
2028,ccmH,1.0,0.9959023694993765,54.99792917536954
2034,torY,1.0,0.9976839479779084,54.99074475744387
204,mnmG,1.0,0.9978621058257616,54.9999077892433
2065,recJ,1.0,0.9975057901300552,54.99990899866012
2088,hprR,0.9994734070563455,0.9935863174772849,54.97453304424372
2104,ycgN,0.9989468141126909,0.8806342419383574,45.997788453902224
2109,mglA,1.0,0.9948334224122573,54.997048646254434
2129,dksA,0.9978936282253817,0.9900231605202209,54.974853978004795
2150,znuA,0.9994734070563455,0.9894886869766614,54.988488292471075
2151,ymfA,0.9994734070563455,0.1482273294138607,28.998070492118366
2181,mglC,0.9994734070563455,0.9971494744343489,54.99880210123701
2191,katE,1.0,0.9939426331729913,54.998683249227724
2193,leuE,0.9994734070563455,0.9880634241938357,53.98844178665542
2212,csgE,0.9984202211690363,0.9804026367361482,54.674027577199936
2215,csgG,0.9994734070563455,0.9834313201496526,54.643232030282626
2223,ydjE,0.9994734070563455,0.8211295207553893,40.999859791720496
2224,ydjK,1.0,0.20933547122750756,32.99749481097528
2249,opgE,0.9994734070563455,0.9941207910208445,54.95965649767408
2250,hybE,0.9957872564507636,0.9975057901300552,54.985679286558835
2285,rsxC,0.8694049499736703,0.9110992339212542,53.79250632290045
2295,cfa,0.9989468141126909,0.9967931587386424,54.98883452239577
2312,otsA,0.8251711427066877,0.963121325494388,49.954778357884656
2317,yccM,0.9973670352817272,0.9878852663459825,53.750269066699296
2373,mfd,1.0,0.9912702654551933,54.993469236439346
2375,yddH,0.9473407056345445,0.3855335827543203,46.969695009874656
2376,mog,1.0,0.9998218421521468,55.0
2378,nhoA,0.9957872564507636,0.9796900053447354,53.97392454171861
2386,ynfM,0.9989468141126909,0.9862818457153038,53.9973174663292
241,hdhA,0.9989468141126909,0.9932300017815785,54.99879828725931
2419,ydjF,1.0,0.8250489934081596,41.99981702914487
2421,gstB,1.0,0.9959023694993765,54.958026140447686
2459,yeiL,0.6313849394418115,0.9910921076073401,54.11107910792802
2463,hxpB,0.9994734070563455,0.996436843042936,54.99916845015872
2466,wecA,1.0,0.9996436843042936,54.99865141601318
2506,yddG,0.9968404423380727,0.9812934259754142,54.95956430638131
2507,ydeP,0.9963138493944181,0.9488686976661322,52.866754734912185
2517,uspF,0.9989468141126909,0.9916265811508997,54.97447785210899
2522,yfaL,0.9994734070563455,0.9798681631925886,51.999118500661226
2539,ydiM,1.0,0.9659718510600392,53.99071464832969
2542,ycfZ,0.9989468141126909,0.3684304293604133,45.942789910739556
2551,dosP,0.9531332280147446,0.9618742205594156,51.914335640442886
2595,yehB,0.9989468141126909,0.9479779084268662,48.66494246740382
2597,yciQ,0.9942074776197999,0.7268840192410476,34.59436646854043
260,pdxI,0.9978936282253817,0.950472118296811,51.09271177600848
2605,icd,1.0,0.9996436843042936,54.99738096603721
2607,gadA,0.7051079515534492,0.7635845358988064,40.50421543846336
2623,atoC,0.9994734070563455,0.19276679137716016,33.99964043455998
2626,ybjS,1.0,0.998218421521468,54.997670122827
2628,ybhD,0.9994734070563455,0.9768394797790843,52.67625833393517
2642,mdtB,0.9994734070563455,0.9944771067165509,54.99801695744187
2650,narZ,1.0,0.9878852663459825,54.97256676743759
2659,purT,1.0,0.9907357919116337,54.98680049010644
2672,ydeO,0.9436545550289626,0.949581329057545,53.83999419514062
2675,yejA,1.0,0.9588455371459113,52.99804990610165
2680,ariR,0.9884149552395998,0.37270621770889006,48.43599989906147
2681,ycgZ,0.9936808846761453,0.3805451630144308,48.58887516808238
2691,sdaB,1.0,0.9983965793693212,54.99981006594673
2741,speG,0.9973670352817272,0.9868163192588634,53.97559996694791
2761,ybhJ,1.0,0.96490290397292,53.94398936195958
2792,yfaQ,0.9994734070563455,0.36593621949046856,47.999199570773065
2837,sdiA,0.9989468141126909,0.9791555318011759,54.95250101826449
2838,uvrY,0.9978936282253817,0.9903794762159273,54.996144649335115
2839,mdtJ,0.9968404423380727,0.982006057366827,54.98485128555739
2850,dgcZ,0.9947340705634544,0.9294494922501336,51.957766244125686
2873,ompN,0.9973670352817272,0.40138963121325494,49.968733283633384
2876,ydjI,1.0,0.8111526812756102,39.99412899294305
2890,ybhM,0.9826224328593997,0.9330126492071976,48.95716237218059
2900,shiA,0.9968404423380727,0.9567076429716729,51.994624618301195
2908,osmB,0.9989468141126909,0.9985747372171744,54.99999314361692
2912,kch,0.9994734070563455,0.9921610546944593,54.997730692493036
2926,ydhV,0.9994734070563455,0.9902013183680741,54.99317402241657
2927,fumD,0.9978936282253817,0.9816497416711206,54.96719437384054
2947,ydjJ,0.9994734070563455,0.8002850525565651,40.330217397297496
30,rihB,0.9989468141126909,0.9980402636736149,54.98219762796348
3015,ydeN,0.9973670352817272,0.9609834313201496,54.91196733667311
3043,ydeM,0.9978936282253817,0.39836094779975056,50.94542732433615
3058,mppA,0.9984202211690363,0.9916265811508997,54.98601201549615
3068,yegI,0.9984202211690363,0.9039729200071264,51.90260394901115
3070,yegS,1.0,0.9830750044539462,53.9972119136064
3072,yegX,0.9931542917324908,0.9770176376269375,52.998826309324386
3079,yegH,0.9989468141126909,0.9978621058257616,54.999689001814
3095,pdeI,0.9752501316482359,0.9836094779975058,52.99224250767061
3099,yaiP,0.8436018957345972,0.35649385355424906,43.28733470503096
3116,yehD,0.9984202211690363,0.40192410475681456,49.63517907733911
312,tyrP,0.631911532385466,0.9891323712809549,54.10568553103207
3120,rspB,0.9968404423380727,0.37466595403527525,45.97618932428933
3145,safA,0.9910479199578726,0.9061108141813647,51.911554697284714
3159,ydiV,0.9989468141126909,0.9976839479779084,54.996049708353546
3193,yfbL,0.9989468141126909,0.27169071797612687,35.996078498483044
3202,ybhI,0.9968404423380727,0.9682879030821308,51.337559286067425
3204,yehC,0.9973670352817272,0.9670407981471584,53.642742134431685
3207,bluF,0.9499736703528173,0.38303937288437556,48.532991686071156
3208,yeeO,0.9931542917324908,0.3819704257972564,48.97170696785272
3211,ptrB,1.0,0.9930518439337253,54.99012013288739
3213,yaiO,0.9331226961558715,0.36522358809905575,45.67946396805246
3214,dsdA,0.9799894681411269,0.9581329057544985,53.92330881662725
3220,ycjO,0.9984202211690363,0.9404952788170319,50.97476424615919
3222,wcaE,0.9994734070563455,0.9294494922501336,50.73262110317891
3236,ycjY,0.9957872564507636,0.9449492250133619,49.94489081804326
3238,gatD,0.9915745129015271,0.9319437021200784,51.98859973881817
3245,ompG,0.9989468141126909,0.9615179048637092,52.995684160381444
3246,ycjM,0.9989468141126909,0.274541243541778,38.81415990757246
3257,wcaM,0.9915745129015271,0.9620523784072689,51.70838452223615
3258,yehH,0.39441811479726174,0.050418670942455016,4.018800756480142
3261,wcaF,0.9978936282253817,0.9659718510600392,52.75504574651804
3264,ydeS,0.9652448657187994,0.7525387493319081,45.802239812918565
3275,ydeQ,0.9836756187467088,0.7830037413148049,51.40828991988457
3277,ycjP,0.9973670352817272,0.9458400142526279,51.984323730026325
3283,yecR,0.9963138493944181,0.9367539640121147,52.789130579370266
3284,rcsA,0.9984202211690363,0.9923392125423125,54.78356660918544
3286,wcaD,0.631911532385466,0.9586673792980581,50.87937690595193
3287,dgcJ,0.9984202211690363,0.9577765900587921,52.998554225642756
3289,ycjW,0.9989468141126909,0.9624086941029752,52.9982810308249
3294,ynfE,0.9273301737756714,0.9061108141813647,42.9936599004213
3295,yehI,0.9936808846761453,0.9561731694281133,49.62732143439519
3297,dgcQ,0.6298051606108478,0.9494031712096918,50.678492824958944
3299,wza,1.0,0.9716729021913415,52.990970890390486
3311,pdeA,0.6124275934702474,0.9736326385177267,51.01209313696133
332,bioD,0.9989468141126909,0.9877071084981294,54.95677293134099
3322,ycjN,0.9957872564507636,0.36433279885978975,46.99265066614959
3323,gatR,1.0,0.9941207910208445,54.992738631633785
3328,cdgI,0.9994734070563455,0.9926955282380189,54.46125506801352
3332,dgcM,0.9947340705634544,0.9834313201496526,53.705456392140356
3333,gatB,0.9926276987888363,0.9458400142526279,51.99200416091764
3334,gatA,0.9926276987888363,0.99554605380367,54.99346127653239
3343,yehA,0.9984202211690363,0.40887226082308925,49.981337389043816
3348,gatZ,0.9926276987888363,0.9919828968466061,54.978923873818594
3351,ydeR,0.990521327014218,0.30571886691608763,42.56487772435209
336,arnB,1.0,0.9980402636736149,54.99884245418769
3365,glmU_1,0.8920484465508162,0.04578656689827187,19.329144770845804
3366,ydcC,0.40705634544497105,0.016568679850347406,5.668588389208223
3383,chbC,0.9989468141126909,0.9821842152146802,52.9887302987335
3391,ydhY,0.9989468141126909,0.9861036878674505,54.98132807013267
3397,ycjV,0.9462875197472354,0.96044895777659,51.997455342994954
3402,pgaB,0.995260663507109,0.7822911099233921,37.555136145604024
3414,ymjC,0.9978936282253817,0.9720292178870479,50.98715599382758
3426,pgaD,0.9973670352817272,0.8417958311063602,41.69421318374686
3427,pgaC,0.9957872564507636,0.832531623017994,40.60384040227504
3430,ugd,0.9915745129015271,0.9392481738820595,49.720177194584764
3437,,0.7019483938915219,0.706574024585783,30.494127846270718
344,gdhA,0.9994734070563455,0.9942989488686976,54.99903051453891
345,selD,0.9984202211690363,0.9704257972563691,54.93815773246376
347,pncA,1.0,0.9992873686085872,55.0
3476,yeeL,0.7388098999473407,0.9490468555139854,49.9865851915761
3482,emrE,0.9984202211690363,0.7719579547479066,39.84025160717739
3484,irp1,0.981042654028436,0.1733475859611616,31.929084157396296
3500,,0.995260663507109,0.6055585248530198,31.953854714539485
3503,pgaA,0.9968404423380727,0.8095492606449314,37.9218871544937
3508,dgcT,0.9662980516061085,0.6470693034028149,34.54046292523303
3509,ybcL,0.9978936282253817,0.2553001959736326,35.63664931245663
3528,ydfJ,0.6298051606108478,0.9465526456440406,51.100849047709794
3538,fimD_1,0.37282780410742494,0.6718332442544094,37.68998214316025
3539,ybcM,0.9942074776197999,0.24817388205950472,34.643374125123444
355,gorA,1.0,0.9998218421521468,55.0
3562,prrA,0.9547130068457083,0.6043114199180474,30.955351059620316
3586,irp2,0.9826224328593997,0.17495100659184037,32.16587669676524
3596,yfiR,0.9968404423380727,0.6778906110814181,28.998454714198356
3600,mexA,0.9973670352817272,0.6762871904507394,28.999866384750447
3620,fimA,0.9015271195365983,0.26438624621414575,37.15414665370628
3621,nimR_1,0.9784096893101633,0.04632104044183146,17.990507546720877
3633,tonB,0.9515534491837809,0.06556208800997684,20.442152355833528
3634,ydfD,0.7972617166929963,0.8704792446107251,41.90342330562703
3635,,0.4518167456556082,0.2145020488152503,29.35127593655755
3636,dicB,0.7898894154818326,0.8742205594156423,45.45629433478693
3638,rusA_3,0.765666140073723,0.9527881703189025,47.788319160865015
364,phrB,0.9984202211690363,0.994655264564404,54.99823948127503
3644,mexB_1,0.9968404423380727,0.675930874755033,28.997046661414828
3645,emrK_1,0.7398630858346498,0.04471761981115268,16.984114466902582
3669,psuK,0.9820958399157451,0.06538393016212364,20.0
3677,,0.9499736703528173,0.1027970782112952,20.832398549654336
3699,,0.9641916798314902,0.14145733119543916,29.574479650587396
3705,focC,0.3902053712480253,0.6734366648850882,42.88450651718414
3706,,0.9515534491837809,0.07357919116337075,17.60111556465067
3716,insI1,0.6419167983149026,0.8075895243185462,36.19297322673378
3720,tnpC,0.129015271195366,0.7188669160876536,19.276604070307048
3723,torS,0.9989468141126909,0.9910921076073401,54.10083287376658
3734,,0.9389152185360716,0.7395332264386246,31.3788019283843
3745,bdcR,0.44813059505002634,0.9540352752538749,41.9759734432062
3779,int,0.8999473407056345,0.6638161411010155,20.087337177470346
3787,,0.9799894681411269,0.04863709246392304,18.998807361169476
3798,rfbB,0.7883096366508688,0.2059504721182968,30.883106686257292
3809,rfbA,0.7482885729331227,0.13326207019419206,25.665528978022056
3818,rfbD,0.775144813059505,0.1382504899340816,26.031180382321764
3819,emrB_1,0.7072143233280674,0.03509709602707999,12.990706729781534
3829,cysH_2,0.9483938915218536,0.5993230001781579,30.423649971190255
3831,dpnA,0.27224855186940494,0.7806876892927134,34.494158070790945
3833,recE,0.5681937862032649,0.13433101728131125,19.42851474677386
3844,rbsK_2,0.9389152185360716,0.05576340637805095,16.603899479164944
3861,dnaJ_2,0.7340705634544498,0.2811330839123463,39.31490100041921
3895,,0.785676671932596,0.08230892570817744,12.87107543127205
3897,yedK,0.5787256450763559,0.9426331729912703,46.85364407291619
3919,cirA_2,0.8967877830437072,0.6841261357562801,23.451373119067846
3941,fepC_2,0.8867825171142707,0.02244788882950294,12.193676532850024
3944,essD,0.6893101632438126,0.33564938535542493,45.88417007431501
3951,pqqL,0.9973670352817272,0.9388918581863531,52.37864327051547
3998,uidC,0.770405476566614,0.9595581685373241,50.6345174860378
4001,,0.06266456029489205,0.654373775164796,20.051869130914728
4013,mngB,0.4086361242759347,0.28238018884731875,25.997470986241513
4028,uidB,0.630858346498157,0.9686442187778371,51.763713161544004
4034,,0.000526592943654555,0.004453946196329948,1.0622771603232481
406,acrA,0.9994734070563455,0.999109210760734,54.99783461192865
4102,gatC,0.6124275934702474,0.9392481738820595,50.10748391628442
4103,ydfB,0.6024223275408109,0.15695706395866738,28.292930180732746
4135,,0.4444444444444444,0.01371815428469624,3.9999237235030245
4136,,0.444971037388099,0.01389631213254944,3.999918195947973
4164,rz,0.6893101632438126,0.9084268662034563,45.04925967135288
4182,queH,0.4802527646129542,0.2073757349011224,20.288557532112332
4199,,0.4370721432332807,0.19508284339925175,24.574474296926756
421,ycgM,0.9994734070563455,0.9713165864956351,53.96791827457521
4216,,0.33175355450236965,0.10885444503830394,12.179357645712876
4222,,0.38915218536071616,0.004097630500623553,1.0
4238,,0.39125855713533436,0.0087297345448067,1.9999921989104477
4240,,0.39125855713533436,0.0087297345448067,1.9999921989104477
4243,glgM,0.38704581358609796,0.005879208979155532,1.4830080544471678
4245,,0.39178515007898895,0.0087297345448067,1.9999965374021167
425,ydiN,1.0,0.9602707999287369,53.98159850645141
4251,,0.39178515007898895,0.004097630500623553,1.0
426,purU,0.9989468141126909,0.9978621058257616,54.997179943873824
4264,,0.39125855713533436,0.0039194726527703545,1.0
4280,,0.3907319641916798,0.0087297345448067,1.9999861131603842
4285,,0.39178515007898895,0.004097630500623553,1.0
4292,rfbC,0.38388625592417064,0.006413682522715126,1.4385359191279203
4309,quuD,0.6387572406529752,0.2946730803491894,39.65589528425828
4333,aes_2,0.09162717219589257,0.009798681631925887,8.688501391143104
4339,icsA,0.27540810953133227,0.024051309460181722,10.992965518722098
4341,ynbD,0.5365982095839916,0.3809014787101372,42.986415471280786
439,ynfD,0.9968404423380727,0.9919828968466061,53.97453092520336
4390,,0.7530279094260137,0.03278104400498842,16.993042701660478
4396,,0.36808846761453395,0.0023160520220915732,1.0
4408,,0.3675618746708794,0.0019597363263851772,1.0940558915520047
4417,ynbC,0.36018957345971564,0.9492250133618386,45.897209429807226
4433,,0.36808846761453395,0.002494209869944771,1.0935253393671749
4434,ynbB,0.5745129015271195,0.9570639586673793,46.68264155074961
4444,,0.34281200631911535,0.03367183324425441,1.9949522736258303
4458,yddB,0.5081621906266456,0.3787635845358988,40.94481166902269
4464,,0.4660347551342812,0.3962230536255122,30.50808094481962
4472,ynbA,0.5892575039494471,0.9656155353643328,48.48145033293278
4474,,0.3675618746708794,0.0019597363263851772,1.0940558915520047
4487,,0.3665086887835703,0.0017815784785319793,1.0944577638868005
4490,,0.3665086887835703,0.0023160520220915732,1.0
4491,,0.3675618746708794,0.0019597363263851772,1.0940558915520047
4496,,0.3675618746708794,0.0019597363263851772,1.0940558915520047
4501,gpFI_3,0.3675618746708794,0.0017815784785319793,1.0
4502,,0.3670352817272249,0.0019597363263851772,1.0941894693610434
4513,yddA,0.4565560821484992,0.9312310707286656,41.54838807504336
4514,iucD,0.7535545023696683,0.22946730803491894,31.25312711193639
4518,,0.3675618746708794,0.0019597363263851772,1.0940558915520047
4538,,0.018430753027909426,0.009264208088366293,2.931034243487277
4539,,0.030542390731964193,0.0,1.2845317508900658
4541,,0.41495523959978936,0.01888473187243898,9.633612117547877
4542,,0.334913112164297,0.01122394441475147,3.751027829065124
4543,,0.9373354397051079,0.7085337609121681,30.647267468831984
4553,yncG,0.6066350710900474,0.9709602707999287,51.95846628063128
4556,nmpC,0.6535018430753028,0.31551754854801356,42.01922573351339
458,tgt,1.0,0.9987528950650276,54.999912389308584
4634,fdnG_2,0.9989468141126909,0.9953678959558169,54.99019049379061
4647,,0.39178515007898895,0.00427578834847675,1.0
4657,mntB_3,0.9636650868878357,0.03972920007126314,16.99817987047996
470,pgl,1.0,0.9967931587386424,54.944250958634925
4701,,0.6050552922590837,0.030464991982896848,16.922012418253708
4719,clpP_1,0.20695102685624012,0.7122750757170854,23.34437045736856
4723,yneK,0.01790416008425487,0.13076786032424728,14.975692327445044
4724,celA,0.6034755134281201,0.27097808658471406,37.96026658619032
4766,bglH_1,0.4291732490784623,0.25583466951719225,33.944616059565064
4770,waaW,0.6008425487098473,0.10030286834135044,26.539067492401575
480,dbpA,0.9978936282253817,0.4065562088009977,49.97148739299467
4851,insG,0.9399684044233807,0.03278104400498842,16.594217761560287
4855,chbC_1,0.5539757767245919,0.260110457865669,36.031497944664494
4858,,0.4296998420221169,0.6556208800997684,26.08329245202856
486,ydgJ,0.9989468141126909,0.9903794762159273,54.991618452641866
4894,dmlR,0.01790416008425487,0.9438802779262426,34.99112819817201
490,yebB,1.0,0.944236593621949,52.99011477016254
4902,curA,0.01790416008425487,0.926242650988776,34.83209438111974
4914,mcbR,0.01790416008425487,0.9404952788170319,34.837759754965994
4915,ydbD,0.01790416008425487,0.9228576518795653,31.99041911677736
4921,ycaM,0.01790416008425487,0.9429894886869766,34.96132648390005
4967,ydeI,0.01790416008425487,0.9235702832709781,35.933155279113755
4980,yedS,0.5113217482885729,0.05451630144307857,18.55724639935673
4984,puuR,0.01790416008425487,0.9535008017103154,35.99668490522758
50,aceE,1.0,0.9989310529128808,54.99991258868606
506,fliH,0.9984202211690363,0.9845002672367718,54.538217670757625
5096,ycgV,0.017377567140600316,0.9062889720292179,30.0
5140,xerC_3,0.358609794628752,0.7516479600926421,28.60361108493158
516,yebS,1.0,0.9910921076073401,53.999708054929734
5184,cspF,0.09162717219589257,0.17014074469980403,19.14322563979559
5246,,0.37177461822011587,0.7199358631747729,25.494705504212376
5274,,0.17377567140600317,0.6502761446641725,13.542234565935072
5312,,0.3675618746708794,0.0039194726527703545,1.0
5342,pilV,0.40652975250131645,0.01389631213254944,11.348804838562671
5363,,0.4075829383886256,0.015321574915375022,11.595510390091365
538,yfhL,0.9994734070563455,0.9989310529128808,54.999833496776716
5483,,0.40442338072669826,0.022091573133796543,11.472522655020374
5503,yddL,0.00105318588730911,0.2513807233208623,20.96203279201747
5525,,0.21011058451816747,0.03260288615713522,12.717975534913903
5584,intQ,0.110057925223802,0.27988597897737394,28.363995068156107
5585,,0.32174828857293314,0.03028683413504365,9.0
5589,clbH,0.49499736703528174,0.01389631213254944,10.845624053617136
5596,hbd,0.49499736703528174,0.01389631213254944,10.845624053617136
5599,srfAA,0.4955239599789363,0.01389631213254944,10.84668760625109
5604,hscC,0.32174828857293314,0.022982362373062535,8.0
562,arnA,0.9994734070563455,0.9903794762159273,54.985941925163196
5640,clbQ,0.4965771458662454,0.01389631213254944,10.851972538175286
5645,intA_3,0.3280674038967878,0.6949937644753251,21.777298783811005
5650,mobQ,0.40652975250131645,0.01549973276322822,11.69038110487557
5658,ydeK,0.012111637704054766,0.14199180473899875,11.62661281172394
5663,clbB,0.49499736703528174,0.01389631213254944,10.845624053617136
5701,,0.2211690363349131,0.6009264208088366,19.698233785245353
5702,caeB,0.1732490784623486,0.8291466239087831,28.379294458334257
574,yciW,0.9989468141126909,0.979333689649029,53.995487056931076
5784,,0.39178515007898895,0.004097630500623553,1.0
5805,,0.08846761453396525,0.1120612862996615,11.54501593493819
5808,,0.49025803054239075,0.013539996436843043,10.778830928471843
5820,,0.39178515007898895,0.004097630500623553,1.0
5833,yfjI,0.35808320168509744,0.7019419205415999,21.94262511649447
584,sbcB,0.9978936282253817,0.9841439515410654,54.98366074344462
5842,yddK,0.01685097419694576,0.6217708890076608,11.951663133242532
5863,,0.3675618746708794,0.009620523784072688,6.865707657589225
5958,,0.32490784623486046,0.6746837698200606,19.72277988952328
597,mglB,0.9994734070563455,0.9905576340637805,54.97423231252505
5988,clbR,0.49236440231700895,0.013183680741136647,10.858936253363373
6004,,0.04160084254870985,0.0778549795118475,9.551943298707315
6043,,0.04634017904160084,0.13183680741136647,11.903473888471515
6059,ompN_2,0.014218009478672985,0.0776768216639943,9.653235215553156
6113,ybcK,0.06740389678778304,0.6362016746837699,16.082709196726583
6147,,0.1769352290679305,0.08141813646891145,7.468189442584097
6149,,0.3665086887835703,0.0067699982184215215,7.680569589258452
6171,blc_1,0.0026329647182727752,0.057010511313023336,5.666947567492405
6207,,0.01158504476040021,0.07340103331551755,6.717575291645799
6347,,0.0,0.02939604489577766,1.319278001096591
6351,rfbX,0.04318062137967351,0.0007126313914127917,1.1126495343993668
6368,wbbJ,0.04318062137967351,0.0005344735435595938,1.1156739477718798
6370,,0.0026329647182727752,0.05718866916087654,5.6786232214696275
6420,wbbK,0.04318062137967351,0.0005344735435595938,1.1156739477718798
6424,,0.22696155871511323,0.004988419739889542,1.0
6460,,0.05687203791469194,0.058079458400142524,3.5452529392715526
6462,wbbI,0.04318062137967351,0.0007126313914127917,1.1126495343993668
6464,glf,0.04318062137967351,0.0007126313914127917,1.1126495343993668
6465,wbbH,0.04265402843601896,0.0005344735435595938,1.1156739477718798
6532,dapH_1,0.001579778830963665,0.25476572243007306,18.842502224993407
6534,rfbC,0.04318062137967351,0.0005344735435595938,1.1156739477718798
6538,hsdR_2,0.1664033701948394,0.046142882593978266,8.221667624078053
6588,ulaA_2,0.0,0.6413682522715125,6.99999963136644
661,chaA,1.0,0.9992873686085872,54.99991259457914
6651,,0.04370721432332807,0.015677890611081418,6.464527443265874
6652,,0.08583464981569247,0.016924995546053805,8.267071777361254
67,ydiJ,0.9973670352817272,0.9907357919116337,54.993400021591114
670,rnd,0.9989468141126909,0.9734544806698735,54.987156757750995
671,yeaH,0.9989468141126909,0.987350792802423,54.45487300733757
6734,,0.14270668773038442,0.03224657046142883,9.184017183887079
6783,,0.001579778830963665,0.04578656689827187,2.9987409874468662
6786,,0.02843601895734597,0.02921788704792446,1.386654705339321
6789,,0.001579778830963665,0.04578656689827187,2.998580553584102
689,mdtG,0.9599789362822538,0.3890967397113843,43.43648275917841
699,ydiY,0.9984202211690363,0.9985747372171744,54.99920943894462
7063,,0.07898894154818326,0.4396935685016925,6.479337722857946
7068,ydbA,0.000526592943654555,0.04168893639764832,2.6834611171960567
711,clsC,0.9805160610847815,0.9957242116515232,53.97250803407794
73,ydiP,0.9984202211690363,0.9050418670942455,51.34318752269746
730,ydfI,0.9794628751974723,0.952253696775343,49.96119908275597
7365,wbaD,0.0,0.0345626224835204,1.9954751131221724
7446,wbbL,0.04318062137967351,0.0005344735435595938,1.1156739477718798
749,minC,1.0,0.9709602707999287,54.96293836021357
750,ycgJ,0.9989468141126909,0.977552111170497,53.99495037599675
751,pliG,0.9989468141126909,0.96044895777659,52.98868525233699
7511,,0.05107951553449184,0.12257259932300017,7.880884078781387
753,cvrA,0.9978936282253817,0.9875289506502761,53.99575735401121
7589,,0.05845181674565561,0.0003563156957063959,1.4667331727241832
7609,cpsB,0.0,0.025654730090860504,1.9707552444810783
763,hybC,0.9978936282253817,0.9989310529128808,54.99421673204268
7728,cdtC,0.07898894154818326,0.00516657758774274,3.0686747472129405
776,sufE,0.9984202211690363,0.9930518439337253,54.99805309524408
7880,glmM_1,0.0,0.0258328879387137,1.9727239362998228
794,rlhA,0.9978936282253817,0.9727418492784607,53.981870362451126
7984,cdtB,0.07898894154818326,0.00516657758774274,3.0686747472129405
7985,cdtA,0.07898894154818326,0.00516657758774274,3.0686747472129405
80,csgA,0.9994734070563455,0.9950115802601105,54.991993427753194
8055,,0.08530805687203792,0.050418670942455016,11.562657485853446
808,dgcI,0.9994734070563455,0.9761268483876715,52.9494030798483
815,zinT,0.9989468141126909,0.9900231605202209,54.97268606952303
82,mdoC,1.0,0.9971494744343489,54.97253429749073
827,hiuH,0.9989468141126909,0.9836094779975058,54.971795298740055
8327,,0.007898894154818325,0.009086050240513094,8.18923700154017
8330,,0.00737230121116377,0.008017103153393906,7.37288415821516
8331,,0.00315955766192733,0.0035631569570639585,3.5940078679065484
8339,,0.014218009478672985,0.11063602351683592,11.612814791808702
836,sufS,0.9989468141126909,0.9978621058257616,54.99939905947938
843,slyA,0.956292785676672,0.9866381614110101,54.93835695152114
847,dhaR,0.9984202211690363,0.774095848922145,52.859541101970265
867,narG,0.9989468141126909,0.9983965793693212,54.99831953416802
8727,,0.02948920484465508,0.0074826296098343134,3.986054085820682
8728,,0.005792522380200105,0.038303937288437555,1.739381861402456
874,clpB,0.9921011058451816,0.9866381614110101,53.99222878520285
892,ydeA,0.9984202211690363,0.9798681631925886,54.960484153103735
8991,metC_2,0.0026329647182727752,0.0003563156957063959,1.263460231387391
908,fadK,0.9994734070563455,0.9720292178870479,50.99707186746837
9350,,0.00737230121116377,0.0085515766969535,7.544693627002111
9457,,0.0026329647182727752,0.00017815784785319794,1.263460231387391
953,dadX,0.9989468141126909,0.9862818457153038,54.99171897084227
9633,,0.08214849921011058,0.003206841261357563,3.9653708551621434
9634,ngoMIVR,0.000526592943654555,0.12649207197577053,3.1972269003939533
9790,hdfR_4,0.0026329647182727752,0.0003563156957063959,1.263460231387391
9821,,0.00105318588730911,0.0,1.0
9822,,0.00737230121116377,0.0085515766969535,7.551622070327321
9823,,0.00737230121116377,0.007838945305540709,7.16015387866976
9826,,0.00737230121116377,0.007304471761981115,7.452272397056633
9827,,0.006845708267509215,0.0085515766969535,7.218939646452572
9828,,0.009478672985781991,0.009264208088366293,8.875181373500931
994,hprS,0.9994734070563455,0.967575271690718,52.973553795037
